"ArquivoOriginal","SHA256","Destino","RFA","Bytes"
"ZIP_Coifas_RevitRFA_RV.zip","00C6C1310C0DE43BC4419C1BA9CDF9CA01F591E561AA43B09CD84D97F22198A6","C:\tmp\BiblioRVT\07_Bibliotecas_Fabricantes\Tramontina\ZIP_Coifas_RevitRFA_RV","35","97399799"
"ZIP_Torneiras_Misturadores_e_Monocomandos_RevitRFA_RV (1).zip","3DB6DBF12DB1EC385127DD4B160D23135B90C92281E4F430518D0044EA1CF1B6","C:\tmp\BiblioRVT\07_Bibliotecas_Fabricantes\Tramontina\ZIP_Torneiras_Misturadores_e_Monocomandos_RevitRFA_RV","13","19596633"
"ZIP_Lavaloucas_RevitRFA_RV.zip","42D0DAE0E7638D26084E454B453117516429676104000A7BE4439186ECD48749","C:\tmp\BiblioRVT\07_Bibliotecas_Fabricantes\Tramontina\ZIP_Lavaloucas_RevitRFA_RV","1","3265916"
"ZIP_Exaustores_para_banheiro_RevitRFA_RV (1).zip","48F1FF0DF3E4134B7E20DB6C3597F5AE76D0E9BD23E15280606292E74790B763","C:\tmp\BiblioRVT\07_Bibliotecas_Fabricantes\Tramontina\ZIP_Exaustores_para_banheiro_RevitRFA_RV","4","8829696"
"ZIP_Cubas_e_Pias_RevitRFA_RV.zip","50EC6FE8C729AA5CE64A6CE09AECBFE47276AD262BDB3D9C5DFD7950261FC1EB","C:\tmp\BiblioRVT\07_Bibliotecas_Fabricantes\Tramontina\ZIP_Cubas_e_Pias_RevitRFA_RV","159","164795706"
"ZIP_Microondas_de_Embutir_RevitRFA_RV.zip","650E175DE90CE63D8C7AF09EE586775D7EB2B6EF21D8D1FFB4B0269A9F86C28E","C:\tmp\BiblioRVT\07_Bibliotecas_Fabricantes\Tramontina\ZIP_Microondas_de_Embutir_RevitRFA_RV","4","16668889"
"ZIP_Triturador_RevitRFA_RV (1).zip","6547E7FC4C634CFE507E21A9823E88AB8DFFC77C0FA95E403625A1141954F3BE","C:\tmp\BiblioRVT\07_Bibliotecas_Fabricantes\Tramontina\ZIP_Triturador_RevitRFA_RV","2","2288126"
"ZIP_Cozinha_Profissional_RevitRFA_RV.zip","75A47C95CA70845BA4F5DFE324ED67ECD3EBCBEB53A0B48E72ADA1B98C2FBB3B","C:\tmp\BiblioRVT\07_Bibliotecas_Fabricantes\Tramontina\ZIP_Cozinha_Profissional_RevitRFA_RV","50","131055734"
"ZIP_Tanques_RevitRFA_RV (1).zip","7811F726DA63217AC629058285A53A9AEFD534032FEE9D17749C792922CCBB09","C:\tmp\BiblioRVT\07_Bibliotecas_Fabricantes\Tramontina\ZIP_Tanques_RevitRFA_RV","7","4558582"
"ZIP_Refrigeradores_RevitRFA_RV.zip","A390C8DC9D62145DB8A112152931515CD3AE58BFC7D52F7808E7BB0666026CCE","C:\tmp\BiblioRVT\07_Bibliotecas_Fabricantes\Tramontina\ZIP_Refrigeradores_RevitRFA_RV","5","6811237"
"ZIP_Lixeiras_RevitRFA_RV.zip","B5D63944B968063F66CAC4CD8B4512E83005EA0B4D5FE7E87F8BBEF8289DC785","C:\tmp\BiblioRVT\07_Bibliotecas_Fabricantes\Tramontina\ZIP_Lixeiras_RevitRFA_RV","45","41222300"
"ZIP_Cooktops_RevitRFA_RV.zip","BB206E0EB8CAA4434B664139FCA268232E6ED597702D2086065AE10404D77410","C:\tmp\BiblioRVT\07_Bibliotecas_Fabricantes\Tramontina\ZIP_Cooktops_RevitRFA_RV","62","222261594"
"ZIP_Ralos_RevitRFA_RV.zip","BF11AC14323BEAD726EE1E16EBE650F7B5FB447936EFDF2A32D0A26B607802AB","C:\tmp\BiblioRVT\07_Bibliotecas_Fabricantes\Tramontina\ZIP_Ralos_RevitRFA_RV","4","1517795"
"ZIP_Fornos_RevitRFA_RV.zip","F03FEBC46A10C65F3950D7E563DBA45199C5AA5CBF1A2A5228514951070E258A","C:\tmp\BiblioRVT\07_Bibliotecas_Fabricantes\Tramontina\ZIP_Fornos_RevitRFA_RV","4","16899331"
