"Fonte","Inicio","Paginas","Arquivos","Bytes","Status","Observacao"
"BIM4LCA_ARCH","https://www.nordicsustainableconstruction.com/Media/638593249820446520/ARCH.zip","0","1","1579459850","OK",""
"BIM4LCA_STRUCTURAL","https://www.nordicsustainableconstruction.com/Media/638615141390369983/STRUCTURAL.zip","0","1","45202774","OK",""
"BIM4LCA_HVAC","https://www.nordicsustainableconstruction.com/Media/638596535832776143/HVAC.zip","0","1","869825296","OK",""
"buildingSMART_Official","https://github.com/buildingSMART/Sample-Test-Files/archive/refs/heads/main.zip","0","1","2479509","OK",""
"buildingSMART_Community","https://github.com/buildingsmart-community/Community-Sample-Test-Files/archive/refs/heads/main.zip","0","1","470411906","OK",""
"FreeCAD_BIM_Examples","https://github.com/yorikvanhavre/FreeCAD-BIM-examples/archive/refs/heads/main.zip","0","1","109481733","OK",""
"Legrand","https://www.legrand.com/ecatalogue/","0","0","0","URL_INVALIDA",""
"KSB","https://www.ksb.com/en-gb/software-and-know-how/digital-product-data/revit-data-records","0","16","264212480","PARCIAL_EM_ANDAMENTO","Pacotes oficiais diretos de valvulas e bombas"
"Daikin","https://www.daikin-bim-library.daikin.com/","0","0","0","URL_INVALIDA",""
"Mitsubishi Electric","https://les.mitsubishielectric.co.uk/installers/tools-and-software-downloads?stage=Live","0","0","0","URL_INVALIDA",""
"ARCAT","https://www.arcat.com/content-type/bim","0","0","0","URL_INVALIDA",""
"ARCAT Plumbing","https://www.arcat.com/content-type/bim/22","0","0","0","URL_INVALIDA",""
"ARCAT HVAC","https://www.arcat.com/content-type/bim/23","0","0","0","URL_INVALIDA",""
"ARCAT Electrical","https://www.arcat.com/content-type/bim/26","0","0","0","URL_INVALIDA",""
"ARCAT Metals","https://www.arcat.com/content-type/bim/05","0","0","0","URL_INVALIDA",""
"ARCAT Openings","https://www.arcat.com/content-type/bim/08","0","0","0","URL_INVALIDA",""
"Simpson Strong-Tie","https://www.strongtie.com/resources/drawings","0","0","0","URL_INVALIDA",""
"Unistrut","https://www.unistrut.us/resources/bim-cad-library","0","0","0","URL_INVALIDA",""
"Systemair","https://www.systemair.com/pt-pt/contacto/downloads/building-information-modelling","0","0","0","URL_INVALIDA",""
"Swegon","https://www.swegon.com/support/software/bim/","0","0","0","URL_INVALIDA",""
"Victaulic","https://www.victaulic.com/resources/cad-bim/","0","0","0","URL_INVALIDA",""
"Duravit","https://www.duravit.com/service/downloads/bim_cad.com-en.html","0","0","0","URL_INVALIDA",""
"Eliane","https://www.eliane.com/produtos","0","0","0","URL_INVALIDA",""
"Grundfos","https://product-selection.grundfos.com/","0","0","0","URL_INVALIDA",""
"Geberit","https://www.geberit.com/know-how/digital-tools/bim/","0","0","0","URL_INVALIDA",""
"ABB","https://new.abb.com/low-voltage/launches/bimagic","0","0","0","URL_INVALIDA",""
"VELUX","https://www.velux.com/professional/tools/bim-objects","0","0","0","URL_INVALIDA",""
"Tigre","https://www.tigre.com.br/tigre-bim","0","0","0","URL_INVALIDA",""
"Amanco Wavin","https://bim.amanco.com.br/librerias-bim/","0","0","0","URL_INVALIDA",""
"ArcelorMittal","https://brasil.arcelormittal.com/biblioteca-bim","0","0","0","URL_INVALIDA",""
"Gerdau","https://voce.mais.gerdau.com.br/bibliotecas-bim","0","0","0","URL_INVALIDA",""
"Docol","https://www.docol.com.br/br/downloads","0","0","0","URL_INVALIDA",""
"Tramontina","https://global.tramontina.com/en/bim-files","0","395","738118473","OK","Pacotes RFA baixados pelo usuario e importados"
"Schneider Electric","https://www.se.com/us/en/work/support/resources-and-tools/cad-drawings/","0","0","0","URL_INVALIDA",""
"Hilti","https://www.hilti.com.br/content/hilti/W2/BR/pt/business/business/trends/bim-equipment-and-services/building-information-modeling-bim.html","0","0","0","URL_INVALIDA",""


"StudioLE_RevitFamilies","https://github.com/StudioLE/RevitFamilies/archive/refs/heads/main.zip","0","16","12803289","OK","Familias parametrizaveis genericas"
"Autodesk_Sample_Families","https://help.autodesk.com/cloudhelp/2024/ENU/Revit-GetStarted/files/GUID-73E0E508-B9DA-4405-BAB4-C46D803BC1DE.htm","0","6","","OK","Familias de exemplo oficiais"


